2010-07 20:00:00+00:00,"XLB, XLK, XLY, XLP","[{'commission': None, 'amount': 50, 'sid': Equity(1, symbol=u'XLK', asset_name='', exchange=u'YAHOO', start_date=Timestamp('1999-02-01 00:00:00+0000', tz='UTC'), end_date=Timestamp('2017-05-25 00:00:00+0000', tz='UTC'), first_traded=None, auto_close_date=Timestamp('2017-05-26 00:00:00+0000', tz='UTC'), exchange_full=u'YAHOO'), 'order_id': '7dfb47221db946cc919f1b4decda8e33', 'price': 22.37902266878873, 'dt': Timestamp('2010-08-02 20:00:00+0000', tz='UTC')}, {'commission': None, 'amount': 50, 'sid': Equity(4, symbol=u'XLB', asset_name='', exchange=u'YAHOO', start_date=Timestamp('1999-02-01 00:00:00+0000', tz='UTC'), end_date=Timestamp('2017-05-25 00:00:00+0000', tz='UTC'), first_traded=None, auto_close_date=Timestamp('2017-05-26 00:00:00+0000', tz='UTC'), exchange_full=u'YAHOO'), 'order_id': '62934d54b771432da12b39a23ea73130', 'price': 32.86903027073272, 'dt': Timestamp('2010-08-02 20:00:00+0000', tz='UTC')}, {'commission': None, 'amount': 50, 'sid': Equity(5, symbol=u'XLY', asset_name='', exchange=u'YAHOO', start_date=Timestamp('1999-02-01 00:00:00+0000', tz='UTC'), end_date=Timestamp('2017-05-25 00:00:00+0000', tz='UTC'), first_traded=None, auto_close_date=Timestamp('2017-05-26 00:00:00+0000', tz='UTC'), exchange_full=u'YAHOO'), 'order_id': '239ef7bd574d4ba0825a6b02c7d9e12d', 'price': 32.110094966693104, 'dt': Timestamp('2010-08-02 20:00:00+0000', tz='UTC')}, {'commission': None, 'amount': 50, 'sid': Equity(6, symbol=u'XLP', asset_name='', exchange=u'YAHOO', start_date=Timestamp('1999-02-01 00:00:00+0000', tz='UTC'), end_date=Timestamp('2017-05-25 00:00:00+0000', tz='UTC'), first_traded=None, auto_close_date=Timestamp('2017-05-26 00:00:00+0000', tz='UTC'), exchange_full=u'YAHOO'), 'order_id': '4032a81c6ca14fe6a65974e8f4dd493c', 'price': 27.290112426484036, 'dt': Timestamp('2010-08-02 20:00:00+0000', tz='UTC')}]"
2010-08 20:00:00+00:00,"NEG_XLB, NEG_XLK, NEG_XLY, NEG_XLP","[{'commission': None, 'amount': -50, 'sid': Equity(1, symbol=u'XLK', asset_name='', exchange=u'YAHOO', start_date=Timestamp('1999-02-01 00:00:00+0000', tz='UTC'), end_date=Timestamp('2017-05-25 00:00:00+0000', tz='UTC'), first_traded=None, auto_close_date=Timestamp('2017-05-26 00:00:00+0000', tz='UTC'), exchange_full=u'YAHOO'), 'order_id': '62f4a734b8824ae5b36f526b23873207', 'price': 21.218975775273893, 'dt': Timestamp('2010-09-01 20:00:00+0000', tz='UTC')}, {'commission': None, 'amount': -50, 'sid': Equity(4, symbol=u'XLB', asset_name='', exchange=u'YAHOO', start_date=Timestamp('1999-02-01 00:00:00+0000', tz='UTC'), end_date=Timestamp('2017-05-25 00:00:00+0000', tz='UTC'), first_traded=None, auto_close_date=Timestamp('2017-05-26 00:00:00+0000', tz='UTC'), exchange_full=u'YAHOO'), 'order_id': 'e85192ad395540c8a64dde506c3703e5', 'price': 31.96894476555297, 'dt': Timestamp('2010-09-01 20:00:00+0000', tz='UTC')}, {'commission': None, 'amount': -50, 'sid': Equity(5, symbol=u'XLY', asset_name='', exchange=u'YAHOO', start_date=Timestamp('1999-02-01 00:00:00+0000', tz='UTC'), end_date=Timestamp('2017-05-25 00:00:00+0000', tz='UTC'), first_traded=None, auto_close_date=Timestamp('2017-05-26 00:00:00+0000', tz='UTC'), exchange_full=u'YAHOO'), 'order_id': 'c19528b0149d43bab33790168f5b151e', 'price': 31.229887454983615, 'dt': Timestamp('2010-09-01 20:00:00+0000', tz='UTC')}, {'commission': None, 'amount': -50, 'sid': Equity(6, symbol=u'XLP', asset_name='', exchange=u'YAHOO', start_date=Timestamp('1999-02-01 00:00:00+0000', tz='UTC'), end_date=Timestamp('2017-05-25 00:00:00+0000', tz='UTC'), first_traded=None, auto_close_date=Timestamp('2017-05-26 00:00:00+0000', tz='UTC'), exchange_full=u'YAHOO'), 'order_id': '5f41d947327e4964b7b6630820eb75f8', 'price': 26.94992781372794, 'dt': Timestamp('2010-09-01 20:00:00+0000', tz='UTC')}]"
2010-9 20:00:00+00:00,"XLK, XLE, XLB, XLY, XLP","[{'commission': None, 'amount': 50, 'sid': Equity(1, symbol=u'XLK', asset_name='', exchange=u'YAHOO', start_date=Timestamp('1999-02-01 00:00:00+0000', tz='UTC'), end_date=Timestamp('2017-05-25 00:00:00+0000', tz='UTC'), first_traded=None, auto_close_date=Timestamp('2017-05-26 00:00:00+0000', tz='UTC'), exchange_full=u'YAHOO'), 'order_id': '76c9d432e91e4ab38852a41c7852e705', 'price': 23.030038892595837, 'dt': Timestamp('2010-10-01 20:00:00+0000', tz='UTC')}, {'commission': None, 'amount': 50, 'sid': Equity(3, symbol=u'XLE', asset_name='', exchange=u'YAHOO', start_date=Timestamp('1999-02-01 00:00:00+0000', tz='UTC'), end_date=Timestamp('2017-05-25 00:00:00+0000', tz='UTC'), first_traded=None, auto_close_date=Timestamp('2017-05-26 00:00:00+0000', tz='UTC'), exchange_full=u'YAHOO'), 'order_id': '3376dc52f1514e4b905b1483f2b33b3e', 'price': 56.81003547431593, 'dt': Timestamp('2010-10-01 20:00:00+0000', tz='UTC')}, {'commission': None, 'amount': 50, 'sid': Equity(4, symbol=u'XLB', asset_name='', exchange=u'YAHOO', start_date=Timestamp('1999-02-01 00:00:00+0000', tz='UTC'), end_date=Timestamp('2017-05-25 00:00:00+0000', tz='UTC'), first_traded=None, auto_close_date=Timestamp('2017-05-26 00:00:00+0000', tz='UTC'), exchange_full=u'YAHOO'), 'order_id': '2b6e1c146d164f9790a8b9147da61813', 'price': 33.20913755157387, 'dt': Timestamp('2010-10-01 20:00:00+0000', tz='UTC')}, {'commission': None, 'amount': 50, 'sid': Equity(5, symbol=u'XLY', asset_name='', exchange=u'YAHOO', start_date=Timestamp('1999-02-01 00:00:00+0000', tz='UTC'), end_date=Timestamp('2017-05-25 00:00:00+0000', tz='UTC'), first_traded=None, auto_close_date=Timestamp('2017-05-26 00:00:00+0000', tz='UTC'), exchange_full=u'YAHOO'), 'order_id': 'f08a399130a040748251be11b1edbdfa', 'price': 33.45014402112138, 'dt': Timestamp('2010-10-01 20:00:00+0000', tz='UTC')}, {'commission': None, 'amount': 50, 'sid': Equity(6, symbol=u'XLP', asset_name='', exchange=u'YAHOO', start_date=Timestamp('1999-02-01 00:00:00+0000', tz='UTC'), end_date=Timestamp('2017-05-25 00:00:00+0000', tz='UTC'), first_traded=None, auto_close_date=Timestamp('2017-05-26 00:00:00+0000', tz='UTC'), exchange_full=u'YAHOO'), 'order_id': 'f6c0b30c42d74505b72e9c5a8ef4939f', 'price': 27.93023795414439, 'dt': Timestamp('2010-10-01 20:00:00+0000', tz='UTC')}]"
2010-12 21:00:00+00:00,XLF,"[{'commission': None, 'amount': 50, 'sid': Equity(2, symbol=u'XLF', asset_name='', exchange=u'YAHOO', start_date=Timestamp('1999-02-01 00:00:00+0000', tz='UTC'), end_date=Timestamp('2017-05-25 00:00:00+0000', tz='UTC'), first_traded=None, auto_close_date=Timestamp('2017-05-26 00:00:00+0000', tz='UTC'), exchange_full=u'YAHOO'), 'order_id': '444627eddb1f4f68a2cc3d8bbbb0e885', 'price': 16.29900031593978, 'dt': Timestamp('2011-01-03 21:00:00+0000', tz='UTC')}]"
2011-06 20:00:00+00:00,NEG_XLF,"[{'commission': None, 'amount': -50, 'sid': Equity(2, symbol=u'XLF', asset_name='', exchange=u'YAHOO', start_date=Timestamp('1999-02-01 00:00:00+0000', tz='UTC'), end_date=Timestamp('2017-05-25 00:00:00+0000', tz='UTC'), first_traded=None, auto_close_date=Timestamp('2017-05-26 00:00:00+0000', tz='UTC'), exchange_full=u'YAHOO'), 'order_id': 'fe210989b7994f96965ec8ae608f0663', 'price': 15.629999353022342, 'dt': Timestamp('2011-07-01 20:00:00+0000', tz='UTC')}]"
2011-07 20:00:00+00:00,NEG_XLB,"[{'commission': None, 'amount': -50, 'sid': Equity(4, symbol=u'XLB', asset_name='', exchange=u'YAHOO', start_date=Timestamp('1999-02-01 00:00:00+0000', tz='UTC'), end_date=Timestamp('2017-05-25 00:00:00+0000', tz='UTC'), first_traded=None, auto_close_date=Timestamp('2017-05-26 00:00:00+0000', tz='UTC'), exchange_full=u'YAHOO'), 'order_id': '595a9082f363455aa38cc534cf9d0525', 'price': 37.87995521818429, 'dt': Timestamp('2011-08-01 20:00:00+0000', tz='UTC')}]"
2011-08 20:00:00+00:00,"NEG_XLK, NEG_XLE, NEG_XLY","[{'commission': None, 'amount': -50, 'sid': Equity(1, symbol=u'XLK', asset_name='', exchange=u'YAHOO', start_date=Timestamp('1999-02-01 00:00:00+0000', tz='UTC'), end_date=Timestamp('2017-05-25 00:00:00+0000', tz='UTC'), first_traded=None, auto_close_date=Timestamp('2017-05-26 00:00:00+0000', tz='UTC'), exchange_full=u'YAHOO'), 'order_id': '2cc9abcb26924f2280adcfc9c9fd42d2', 'price': 24.169952853758307, 'dt': Timestamp('2011-09-01 20:00:00+0000', tz='UTC')}, {'commission': None, 'amount': -50, 'sid': Equity(3, symbol=u'XLE', asset_name='', exchange=u'YAHOO', start_date=Timestamp('1999-02-01 00:00:00+0000', tz='UTC'), end_date=Timestamp('2017-05-25 00:00:00+0000', tz='UTC'), first_traded=None, auto_close_date=Timestamp('2017-05-26 00:00:00+0000', tz='UTC'), exchange_full=u'YAHOO'), 'order_id': '4be0ff69ec844d0fb58371e3154da009', 'price': 68.1199624421997, 'dt': Timestamp('2011-09-01 20:00:00+0000', tz='UTC')}, {'commission': None, 'amount': -50, 'sid': Equity(5, symbol=u'XLY', asset_name='', exchange=u'YAHOO', start_date=Timestamp('1999-02-01 00:00:00+0000', tz='UTC'), end_date=Timestamp('2017-05-25 00:00:00+0000', tz='UTC'), first_traded=None, auto_close_date=Timestamp('2017-05-26 00:00:00+0000', tz='UTC'), exchange_full=u'YAHOO'), 'order_id': 'fa21d9624981417eb299323f920cc4ab', 'price': 37.10990383188501, 'dt': Timestamp('2011-09-01 20:00:00+0000', tz='UTC')}]"
2011-09 20:00:00+00:00,NEG_XLP,"[{'commission': None, 'amount': -50, 'sid': Equity(6, symbol=u'XLP', asset_name='', exchange=u'YAHOO', start_date=Timestamp('1999-02-01 00:00:00+0000', tz='UTC'), end_date=Timestamp('2017-05-25 00:00:00+0000', tz='UTC'), first_traded=None, auto_close_date=Timestamp('2017-05-26 00:00:00+0000', tz='UTC'), exchange_full=u'YAHOO'), 'order_id': '0dd5385293524fbeae25d512631e67dd', 'price': 29.229975117201047, 'dt': Timestamp('2011-10-03 20:00:00+0000', tz='UTC')}]"
2011-10 20:00:00+00:00,"XLK, XLY, XLP","[{'commission': None, 'amount': 50, 'sid': Equity(1, symbol=u'XLK', asset_name='', exchange=u'YAHOO', start_date=Timestamp('1999-02-01 00:00:00+0000', tz='UTC'), end_date=Timestamp('2017-05-25 00:00:00+0000', tz='UTC'), first_traded=None, auto_close_date=Timestamp('2017-05-26 00:00:00+0000', tz='UTC'), exchange_full=u'YAHOO'), 'order_id': '81ee7cce315f49bf9ffb371be3164d18', 'price': 25.290022949716104, 'dt': Timestamp('2011-11-01 20:00:00+0000', tz='UTC')}, {'commission': None, 'amount': 50, 'sid': Equity(5, symbol=u'XLY', asset_name='', exchange=u'YAHOO', start_date=Timestamp('1999-02-01 00:00:00+0000', tz='UTC'), end_date=Timestamp('2017-05-25 00:00:00+0000', tz='UTC'), first_traded=None, auto_close_date=Timestamp('2017-05-26 00:00:00+0000', tz='UTC'), exchange_full=u'YAHOO'), 'order_id': 'b5844e55ea184d7d8b67c9fb6509a423', 'price': 38.180083245201274, 'dt': Timestamp('2011-11-01 20:00:00+0000', tz='UTC')}, {'commission': None, 'amount': 50, 'sid': Equity(6, symbol=u'XLP', asset_name='', exchange=u'YAHOO', start_date=Timestamp('1999-02-01 00:00:00+0000', tz='UTC'), end_date=Timestamp('2017-05-25 00:00:00+0000', tz='UTC'), first_traded=None, auto_close_date=Timestamp('2017-05-26 00:00:00+0000', tz='UTC'), exchange_full=u'YAHOO'), 'order_id': 'faacf8de705c4ca0bf51331b125d3925', 'price': 30.500021756135826, 'dt': Timestamp('2011-11-01 20:00:00+0000', tz='UTC')}]"
2011-11 21:00:00+00:00,"NEG_XLK, NEG_XLY","[{'commission': None, 'amount': -50, 'sid': Equity(1, symbol=u'XLK', asset_name='', exchange=u'YAHOO', start_date=Timestamp('1999-02-01 00:00:00+0000', tz='UTC'), end_date=Timestamp('2017-05-25 00:00:00+0000', tz='UTC'), first_traded=None, auto_close_date=Timestamp('2017-05-26 00:00:00+0000', tz='UTC'), exchange_full=u'YAHOO'), 'order_id': 'a14d8a5c397a4c1fbb7f3e4c0e7a784c', 'price': 25.75989884463134, 'dt': Timestamp('2011-12-01 21:00:00+0000', tz='UTC')}, {'commission': None, 'amount': -50, 'sid': Equity(5, symbol=u'XLY', asset_name='', exchange=u'YAHOO', start_date=Timestamp('1999-02-01 00:00:00+0000', tz='UTC'), end_date=Timestamp('2017-05-25 00:00:00+0000', tz='UTC'), first_traded=None, auto_close_date=Timestamp('2017-05-26 00:00:00+0000', tz='UTC'), exchange_full=u'YAHOO'), 'order_id': '267beffc9cad484e8747c6f347755c83', 'price': 38.76949384773687, 'dt': Timestamp('2011-12-01 21:00:00+0000', tz='UTC')}]"
2011-12 21:00:00+00:00,XLY,"[{'commission': None, 'amount': 50, 'sid': Equity(5, symbol=u'XLY', asset_name='', exchange=u'YAHOO', start_date=Timestamp('1999-02-01 00:00:00+0000', tz='UTC'), end_date=Timestamp('2017-05-25 00:00:00+0000', tz='UTC'), first_traded=None, auto_close_date=Timestamp('2017-05-26 00:00:00+0000', tz='UTC'), exchange_full=u'YAHOO'), 'order_id': '4e50cec617674441a2fdab4566bd1cff', 'price': 39.34906769230135, 'dt': Timestamp('2012-01-03 21:00:00+0000', tz='UTC')}]"
2012-01 21:00:00+00:00,"XLK, XLB","[{'commission': None, 'amount': 50, 'sid': Equity(1, symbol=u'XLK', asset_name='', exchange=u'YAHOO', start_date=Timestamp('1999-02-01 00:00:00+0000', tz='UTC'), end_date=Timestamp('2017-05-25 00:00:00+0000', tz='UTC'), first_traded=None, auto_close_date=Timestamp('2017-05-26 00:00:00+0000', tz='UTC'), exchange_full=u'YAHOO'), 'order_id': '8c60db58b300453eb426646e9d5ea01b', 'price': 27.29908478289021, 'dt': Timestamp('2012-02-01 21:00:00+0000', tz='UTC')}, {'commission': None, 'amount': 50, 'sid': Equity(4, symbol=u'XLB', asset_name='', exchange=u'YAHOO', start_date=Timestamp('1999-02-01 00:00:00+0000', tz='UTC'), end_date=Timestamp('2017-05-25 00:00:00+0000', tz='UTC'), first_traded=None, auto_close_date=Timestamp('2017-05-26 00:00:00+0000', tz='UTC'), exchange_full=u'YAHOO'), 'order_id': '76a80afcdf0d4a80ae72efceae0963fa', 'price': 37.54904068392419, 'dt': Timestamp('2012-02-01 21:00:00+0000', tz='UTC')}]"
2012-02 21:00:00+00:00,"XLF, XLE","[{'commission': None, 'amount': 50, 'sid': Equity(2, symbol=u'XLF', asset_name='', exchange=u'YAHOO', start_date=Timestamp('1999-02-01 00:00:00+0000', tz='UTC'), end_date=Timestamp('2017-05-25 00:00:00+0000', tz='UTC'), first_traded=None, auto_close_date=Timestamp('2017-05-26 00:00:00+0000', tz='UTC'), exchange_full=u'YAHOO'), 'order_id': '94b7d9b95b98434cbcf445ca3439fe22', 'price': 14.920000560923333, 'dt': Timestamp('2012-03-01 21:00:00+0000', tz='UTC')}, {'commission': None, 'amount': 50, 'sid': Equity(3, symbol=u'XLE', asset_name='', exchange=u'YAHOO', start_date=Timestamp('1999-02-01 00:00:00+0000', tz='UTC'), end_date=Timestamp('2017-05-25 00:00:00+0000', tz='UTC'), first_traded=None, auto_close_date=Timestamp('2017-05-26 00:00:00+0000', tz='UTC'), exchange_full=u'YAHOO'), 'order_id': '40d41653810f4ca0b0465ea2171b17b9', 'price': 75.5990963309409, 'dt': Timestamp('2012-03-01 21:00:00+0000', tz='UTC')}]"
2012-05 20:00:00+00:00,"NEG_XLE, NEG_XLB","[{'commission': None, 'amount': -50, 'sid': Equity(3, symbol=u'XLE', asset_name='', exchange=u'YAHOO', start_date=Timestamp('1999-02-01 00:00:00+0000', tz='UTC'), end_date=Timestamp('2017-05-25 00:00:00+0000', tz='UTC'), first_traded=None, auto_close_date=Timestamp('2017-05-26 00:00:00+0000', tz='UTC'), exchange_full=u'YAHOO'), 'order_id': '062de03aa9ba411a99a678510c5c12e7', 'price': 62.03995925284803, 'dt': Timestamp('2012-06-01 20:00:00+0000', tz='UTC')}, {'commission': None, 'amount': -50, 'sid': Equity(4, symbol=u'XLB', asset_name='', exchange=u'YAHOO', start_date=Timestamp('1999-02-01 00:00:00+0000', tz='UTC'), end_date=Timestamp('2017-05-25 00:00:00+0000', tz='UTC'), first_traded=None, auto_close_date=Timestamp('2017-05-26 00:00:00+0000', tz='UTC'), exchange_full=u'YAHOO'), 'order_id': '47bb4087af3d41fcb9e03b25b4218daf', 'price': 33.09894550935049, 'dt': Timestamp('2012-06-01 20:00:00+0000', tz='UTC')}]"
2012-06 20:00:00+00:00,XLB,"[{'commission': None, 'amount': 50, 'sid': Equity(4, symbol=u'XLB', asset_name='', exchange=u'YAHOO', start_date=Timestamp('1999-02-01 00:00:00+0000', tz='UTC'), end_date=Timestamp('2017-05-25 00:00:00+0000', tz='UTC'), first_traded=None, auto_close_date=Timestamp('2017-05-26 00:00:00+0000', tz='UTC'), exchange_full=u'YAHOO'), 'order_id': '2fe4038edc2549d49f0d916dd3c09ff5', 'price': 35.11002993369986, 'dt': Timestamp('2012-07-02 20:00:00+0000', tz='UTC')}]"
2012-07 20:00:00+00:00,NEG_XLB,"[{'commission': None, 'amount': -50, 'sid': Equity(4, symbol=u'XLB', asset_name='', exchange=u'YAHOO', start_date=Timestamp('1999-02-01 00:00:00+0000', tz='UTC'), end_date=Timestamp('2017-05-25 00:00:00+0000', tz='UTC'), first_traded=None, auto_close_date=Timestamp('2017-05-26 00:00:00+0000', tz='UTC'), exchange_full=u'YAHOO'), 'order_id': '8f00b27c8bcd4b63961d3d08db39081f', 'price': 34.848865990061, 'dt': Timestamp('2012-08-01 20:00:00+0000', tz='UTC')}]"
2012-08 20:00:00+00:00,"XLE, XLB","[{'commission': None, 'amount': 50, 'sid': Equity(3, symbol=u'XLE', asset_name='', exchange=u'YAHOO', start_date=Timestamp('1999-02-01 00:00:00+0000', tz='UTC'), end_date=Timestamp('2017-05-25 00:00:00+0000', tz='UTC'), first_traded=None, auto_close_date=Timestamp('2017-05-26 00:00:00+0000', tz='UTC'), exchange_full=u'YAHOO'), 'order_id': 'c5aa4c9fdb7e4d5ca197d1d5e0704ec9', 'price': 70.9802304526749, 'dt': Timestamp('2012-09-04 20:00:00+0000', tz='UTC')}, {'commission': None, 'amount': 50, 'sid': Equity(4, symbol=u'XLB', asset_name='', exchange=u'YAHOO', start_date=Timestamp('1999-02-01 00:00:00+0000', tz='UTC'), end_date=Timestamp('2017-05-25 00:00:00+0000', tz='UTC'), first_traded=None, auto_close_date=Timestamp('2017-05-26 00:00:00+0000', tz='UTC'), exchange_full=u'YAHOO'), 'order_id': 'd4681ec70b34493fb832e287c8c70b6d', 'price': 35.18919626631625, 'dt': Timestamp('2012-09-04 20:00:00+0000', tz='UTC')}]"
2012-10 20:00:00+00:00,NEG_XLK,"[{'commission': None, 'amount': -50, 'sid': Equity(1, symbol=u'XLK', asset_name='', exchange=u'YAHOO', start_date=Timestamp('1999-02-01 00:00:00+0000', tz='UTC'), end_date=Timestamp('2017-05-25 00:00:00+0000', tz='UTC'), first_traded=None, auto_close_date=Timestamp('2017-05-26 00:00:00+0000', tz='UTC'), exchange_full=u'YAHOO'), 'order_id': '3d1cc52874db4a629d1c15f5c0ac2768', 'price': 29.33981336049305, 'dt': Timestamp('2012-11-01 20:00:00+0000', tz='UTC')}]"
2012-12 21:00:00+00:00,NEG_XLP,"[{'commission': None, 'amount': -50, 'sid': Equity(6, symbol=u'XLP', asset_name='', exchange=u'YAHOO', start_date=Timestamp('1999-02-01 00:00:00+0000', tz='UTC'), end_date=Timestamp('2017-05-25 00:00:00+0000', tz='UTC'), first_traded=None, auto_close_date=Timestamp('2017-05-26 00:00:00+0000', tz='UTC'), exchange_full=u'YAHOO'), 'order_id': '310fbcecfcca46a49da67267617c6ed1', 'price': 35.798923454705545, 'dt': Timestamp('2013-01-02 21:00:00+0000', tz='UTC')}]"
2013-01 21:00:00+00:00,"XLK, XLP","[{'commission': None, 'amount': 50, 'sid': Equity(1, symbol=u'XLK', asset_name='', exchange=u'YAHOO', start_date=Timestamp('1999-02-01 00:00:00+0000', tz='UTC'), end_date=Timestamp('2017-05-25 00:00:00+0000', tz='UTC'), first_traded=None, auto_close_date=Timestamp('2017-05-26 00:00:00+0000', tz='UTC'), exchange_full=u'YAHOO'), 'order_id': '5b682858caae4e2ca4fc4d4473b21a56', 'price': 29.730138635824236, 'dt': Timestamp('2013-02-01 21:00:00+0000', tz='UTC')}, {'commission': None, 'amount': 50, 'sid': Equity(6, symbol=u'XLP', asset_name='', exchange=u'YAHOO', start_date=Timestamp('1999-02-01 00:00:00+0000', tz='UTC'), end_date=Timestamp('2017-05-25 00:00:00+0000', tz='UTC'), first_traded=None, auto_close_date=Timestamp('2017-05-26 00:00:00+0000', tz='UTC'), exchange_full=u'YAHOO'), 'order_id': '41208a7c290147b29e846bb012102e4a', 'price': 37.169394223416255, 'dt': Timestamp('2013-02-01 21:00:00+0000', tz='UTC')}]"
2014-01 21:00:00+00:00,NEG_XLP,"[{'commission': None, 'amount': -50, 'sid': Equity(6, symbol=u'XLP', asset_name='', exchange=u'YAHOO', start_date=Timestamp('1999-02-01 00:00:00+0000', tz='UTC'), end_date=Timestamp('2017-05-25 00:00:00+0000', tz='UTC'), first_traded=None, auto_close_date=Timestamp('2017-05-26 00:00:00+0000', tz='UTC'), exchange_full=u'YAHOO'), 'order_id': '6e2ac17f780a4f3ab4141baf44b84f99', 'price': 39.87999411216706, 'dt': Timestamp('2014-02-03 21:00:00+0000', tz='UTC')}]"
2014-02 21:00:00+00:00,XLP,"[{'commission': None, 'amount': 50, 'sid': Equity(6, symbol=u'XLP', asset_name='', exchange=u'YAHOO', start_date=Timestamp('1999-02-01 00:00:00+0000', tz='UTC'), end_date=Timestamp('2017-05-25 00:00:00+0000', tz='UTC'), first_traded=None, auto_close_date=Timestamp('2017-05-26 00:00:00+0000', tz='UTC'), exchange_full=u'YAHOO'), 'order_id': '4ee8ac25c8c8425da854ce19ddb707b0', 'price': 42.11913508123623, 'dt': Timestamp('2014-03-03 21:00:00+0000', tz='UTC')}]"
2014-07 20:00:00+00:00,NEG_XLP,"[{'commission': None, 'amount': -50, 'sid': Equity(6, symbol=u'XLP', asset_name='', exchange=u'YAHOO', start_date=Timestamp('1999-02-01 00:00:00+0000', tz='UTC'), end_date=Timestamp('2017-05-25 00:00:00+0000', tz='UTC'), first_traded=None, auto_close_date=Timestamp('2017-05-26 00:00:00+0000', tz='UTC'), exchange_full=u'YAHOO'), 'order_id': 'aaf96274a2ae4a229aa2ba8dda00aeb4', 'price': 43.46992312839662, 'dt': Timestamp('2014-08-01 20:00:00+0000', tz='UTC')}]"
2014-08 20:00:00+00:00,XLP,"[{'commission': None, 'amount': 50, 'sid': Equity(6, symbol=u'XLP', asset_name='', exchange=u'YAHOO', start_date=Timestamp('1999-02-01 00:00:00+0000', tz='UTC'), end_date=Timestamp('2017-05-25 00:00:00+0000', tz='UTC'), first_traded=None, auto_close_date=Timestamp('2017-05-26 00:00:00+0000', tz='UTC'), exchange_full=u'YAHOO'), 'order_id': '781b7b7ed2be45318b40adef6794a57e', 'price': 45.150082583720085, 'dt': Timestamp('2014-09-02 20:00:00+0000', tz='UTC')}]"
2014-09 20:00:00+00:00,NEG_XLE,"[{'commission': None, 'amount': -50, 'sid': Equity(3, symbol=u'XLE', asset_name='', exchange=u'YAHOO', start_date=Timestamp('1999-02-01 00:00:00+0000', tz='UTC'), end_date=Timestamp('2017-05-25 00:00:00+0000', tz='UTC'), first_traded=None, auto_close_date=Timestamp('2017-05-26 00:00:00+0000', tz='UTC'), exchange_full=u'YAHOO'), 'order_id': '9eedff5337cf4992b3ffa6226851fa88', 'price': 88.76893837651988, 'dt': Timestamp('2014-10-01 20:00:00+0000', tz='UTC')}]"
2014-12 21:00:00+00:00,NEG_XLB,"[{'commission': None, 'amount': -50, 'sid': Equity(4, symbol=u'XLB', asset_name='', exchange=u'YAHOO', start_date=Timestamp('1999-02-01 00:00:00+0000', tz='UTC'), end_date=Timestamp('2017-05-25 00:00:00+0000', tz='UTC'), first_traded=None, auto_close_date=Timestamp('2017-05-26 00:00:00+0000', tz='UTC'), exchange_full=u'YAHOO'), 'order_id': '82811fe12985429692f962fd8bed5f82', 'price': 48.64955602816831, 'dt': Timestamp('2015-01-02 21:00:00+0000', tz='UTC')}]"
2015-01 21:00:00+00:00,NEG_XLF,"[{'commission': None, 'amount': -50, 'sid': Equity(2, symbol=u'XLF', asset_name='', exchange=u'YAHOO', start_date=Timestamp('1999-02-01 00:00:00+0000', tz='UTC'), end_date=Timestamp('2017-05-25 00:00:00+0000', tz='UTC'), first_traded=None, auto_close_date=Timestamp('2017-05-26 00:00:00+0000', tz='UTC'), exchange_full=u'YAHOO'), 'order_id': '26c3a93f17b64265812ed1c35be1ffaa', 'price': 23.37899852669836, 'dt': Timestamp('2015-02-02 21:00:00+0000', tz='UTC')}]"
2015-02 21:00:00+00:00,"XLF, XLB","[{'commission': None, 'amount': 50, 'sid': Equity(2, symbol=u'XLF', asset_name='', exchange=u'YAHOO', start_date=Timestamp('1999-02-01 00:00:00+0000', tz='UTC'), end_date=Timestamp('2017-05-25 00:00:00+0000', tz='UTC'), first_traded=None, auto_close_date=Timestamp('2017-05-26 00:00:00+0000', tz='UTC'), exchange_full=u'YAHOO'), 'order_id': '725e03a0605d4b00955e364cc0743fe3', 'price': 24.530008327485547, 'dt': Timestamp('2015-03-02 21:00:00+0000', tz='UTC')}, {'commission': None, 'amount': 50, 'sid': Equity(4, symbol=u'XLB', asset_name='', exchange=u'YAHOO', start_date=Timestamp('1999-02-01 00:00:00+0000', tz='UTC'), end_date=Timestamp('2017-05-25 00:00:00+0000', tz='UTC'), first_traded=None, auto_close_date=Timestamp('2017-05-26 00:00:00+0000', tz='UTC'), exchange_full=u'YAHOO'), 'order_id': '55838c5ff1314d27ad2c05001506c11b', 'price': 51.831202940271034, 'dt': Timestamp('2015-03-02 21:00:00+0000', tz='UTC')}]"
2015-03,NEG_XLB,"[{'commission': None, 'amount': -50, 'sid': Equity(4, symbol=u'XLB', asset_name='', exchange=u'YAHOO', start_date=Timestamp('1999-02-01 00:00:00+0000', tz='UTC'), end_date=Timestamp('2017-05-25 00:00:00+0000', tz='UTC'), first_traded=None, auto_close_date=Timestamp('2017-05-26 00:00:00+0000', tz='UTC'), exchange_full=u'YAHOO'), 'order_id': '3a1d1f13c8da4393baa7de2ba6fe804b', 'price': 48.91830933711724, 'dt': Timestamp('2015-04-01 20:00:00+0000', tz='UTC')}]"
2015-04 20:00:00+00:00,XLB,"[{'commission': None, 'amount': 50, 'sid': Equity(4, symbol=u'XLB', asset_name='', exchange=u'YAHOO', start_date=Timestamp('1999-02-01 00:00:00+0000', tz='UTC'), end_date=Timestamp('2017-05-25 00:00:00+0000', tz='UTC'), first_traded=None, auto_close_date=Timestamp('2017-05-26 00:00:00+0000', tz='UTC'), exchange_full=u'YAHOO'), 'order_id': '44289c64825c4872850ba75f577b313e', 'price': 51.25028129047221, 'dt': Timestamp('2015-05-01 20:00:00+0000', tz='UTC')}]"
2015-06 20:00:00+00:00,"NEG_XLK, NEG_XLB, NEG_XLP","[{'commission': None, 'amount': -50, 'sid': Equity(1, symbol=u'XLK', asset_name='', exchange=u'YAHOO', start_date=Timestamp('1999-02-01 00:00:00+0000', tz='UTC'), end_date=Timestamp('2017-05-25 00:00:00+0000', tz='UTC'), first_traded=None, auto_close_date=Timestamp('2017-05-26 00:00:00+0000', tz='UTC'), exchange_full=u'YAHOO'), 'order_id': 'd306b225068948a8b130c9506047986e', 'price': 41.67984308694304, 'dt': Timestamp('2015-07-01 20:00:00+0000', tz='UTC')}, {'commission': None, 'amount': -50, 'sid': Equity(4, symbol=u'XLB', asset_name='', exchange=u'YAHOO', start_date=Timestamp('1999-02-01 00:00:00+0000', tz='UTC'), end_date=Timestamp('2017-05-25 00:00:00+0000', tz='UTC'), first_traded=None, auto_close_date=Timestamp('2017-05-26 00:00:00+0000', tz='UTC'), exchange_full=u'YAHOO'), 'order_id': '946a9c2f5b4c474b8a7b27a8a3627b66', 'price': 48.649585365397996, 'dt': Timestamp('2015-07-01 20:00:00+0000', tz='UTC')}, {'commission': None, 'amount': -50, 'sid': Equity(6, symbol=u'XLP', asset_name='', exchange=u'YAHOO', start_date=Timestamp('1999-02-01 00:00:00+0000', tz='UTC'), end_date=Timestamp('2017-05-25 00:00:00+0000', tz='UTC'), first_traded=None, auto_close_date=Timestamp('2017-05-26 00:00:00+0000', tz='UTC'), exchange_full=u'YAHOO'), 'order_id': '395554c6e31f426bbdbb03d6417911d8', 'price': 48.20874381923043, 'dt': Timestamp('2015-07-01 20:00:00+0000', tz='UTC')}]"
2015-07 20:00:00+00:00,"XLK, XLP","[{'commission': None, 'amount': 50, 'sid': Equity(1, symbol=u'XLK', asset_name='', exchange=u'YAHOO', start_date=Timestamp('1999-02-01 00:00:00+0000', tz='UTC'), end_date=Timestamp('2017-05-25 00:00:00+0000', tz='UTC'), first_traded=None, auto_close_date=Timestamp('2017-05-26 00:00:00+0000', tz='UTC'), exchange_full=u'YAHOO'), 'order_id': '39a6d893df454773aef1f6d30e5aa5c9', 'price': 42.34912514005971, 'dt': Timestamp('2015-08-03 20:00:00+0000', tz='UTC')}, {'commission': None, 'amount': 50, 'sid': Equity(6, symbol=u'XLP', asset_name='', exchange=u'YAHOO', start_date=Timestamp('1999-02-01 00:00:00+0000', tz='UTC'), end_date=Timestamp('2017-05-25 00:00:00+0000', tz='UTC'), first_traded=None, auto_close_date=Timestamp('2017-05-26 00:00:00+0000', tz='UTC'), exchange_full=u'YAHOO'), 'order_id': '953e2b96f9504c1a8ee9618e640f4fb7', 'price': 50.38025992910075, 'dt': Timestamp('2015-08-03 20:00:00+0000', tz='UTC')}]"
2015-08 20:00:00+00:00,"NEG_XLK, NEG_XLF, NEG_XLP","[{'commission': None, 'amount': -50, 'sid': Equity(1, symbol=u'XLK', asset_name='', exchange=u'YAHOO', start_date=Timestamp('1999-02-01 00:00:00+0000', tz='UTC'), end_date=Timestamp('2017-05-25 00:00:00+0000', tz='UTC'), first_traded=None, auto_close_date=Timestamp('2017-05-26 00:00:00+0000', tz='UTC'), exchange_full=u'YAHOO'), 'order_id': '44a3a296e53f4b0daa847d600bfd9bcf', 'price': 38.938978520989075, 'dt': Timestamp('2015-09-01 20:00:00+0000', tz='UTC')}, {'commission': None, 'amount': -50, 'sid': Equity(2, symbol=u'XLF', asset_name='', exchange=u'YAHOO', start_date=Timestamp('1999-02-01 00:00:00+0000', tz='UTC'), end_date=Timestamp('2017-05-25 00:00:00+0000', tz='UTC'), first_traded=None, auto_close_date=Timestamp('2017-05-26 00:00:00+0000', tz='UTC'), exchange_full=u'YAHOO'), 'order_id': 'd438afdb1ff04783997756c363bb049c', 'price': 22.66999923891997, 'dt': Timestamp('2015-09-01 20:00:00+0000', tz='UTC')}, {'commission': None, 'amount': -50, 'sid': Equity(6, symbol=u'XLP', asset_name='', exchange=u'YAHOO', start_date=Timestamp('1999-02-01 00:00:00+0000', tz='UTC'), end_date=Timestamp('2017-05-25 00:00:00+0000', tz='UTC'), first_traded=None, auto_close_date=Timestamp('2017-05-26 00:00:00+0000', tz='UTC'), exchange_full=u'YAHOO'), 'order_id': 'b81e9b82d726434a8a45e39dc23f9afe', 'price': 46.339952328422434, 'dt': Timestamp('2015-09-01 20:00:00+0000', tz='UTC')}]"
2015-09 20:00:00+00:00,NEG_XLY,"[{'commission': None, 'amount': -50, 'sid': Equity(5, symbol=u'XLY', asset_name='', exchange=u'YAHOO', start_date=Timestamp('1999-02-01 00:00:00+0000', tz='UTC'), end_date=Timestamp('2017-05-25 00:00:00+0000', tz='UTC'), first_traded=None, auto_close_date=Timestamp('2017-05-26 00:00:00+0000', tz='UTC'), exchange_full=u'YAHOO'), 'order_id': '69dcce5a931843a5b805b144504d8d2d', 'price': 74.80873253095217, 'dt': Timestamp('2015-10-01 20:00:00+0000', tz='UTC')}]"
2015-10 21:00:00+00:00,"XLK, XLF, XLY, XLP","[{'commission': None, 'amount': 50, 'sid': Equity(1, symbol=u'XLK', asset_name='', exchange=u'YAHOO', start_date=Timestamp('1999-02-01 00:00:00+0000', tz='UTC'), end_date=Timestamp('2017-05-25 00:00:00+0000', tz='UTC'), first_traded=None, auto_close_date=Timestamp('2017-05-26 00:00:00+0000', tz='UTC'), exchange_full=u'YAHOO'), 'order_id': '16b350dfaae14dcf8ac4f36d98506e40', 'price': 44.04005829404958, 'dt': Timestamp('2015-11-02 21:00:00+0000', tz='UTC')}, {'commission': None, 'amount': 50, 'sid': Equity(2, symbol=u'XLF', asset_name='', exchange=u'YAHOO', start_date=Timestamp('1999-02-01 00:00:00+0000', tz='UTC'), end_date=Timestamp('2017-05-25 00:00:00+0000', tz='UTC'), first_traded=None, auto_close_date=Timestamp('2017-05-26 00:00:00+0000', tz='UTC'), exchange_full=u'YAHOO'), 'order_id': '5ecdd137c3f54201918fbbe186358868', 'price': 24.4090011286234, 'dt': Timestamp('2015-11-02 21:00:00+0000', tz='UTC')}, {'commission': None, 'amount': 50, 'sid': Equity(5, symbol=u'XLY', asset_name='', exchange=u'YAHOO', start_date=Timestamp('1999-02-01 00:00:00+0000', tz='UTC'), end_date=Timestamp('2017-05-25 00:00:00+0000', tz='UTC'), first_traded=None, auto_close_date=Timestamp('2017-05-26 00:00:00+0000', tz='UTC'), exchange_full=u'YAHOO'), 'order_id': 'c98eb6448db7448aa6a002768e84f5b5', 'price': 81.33933987420238, 'dt': Timestamp('2015-11-02 21:00:00+0000', tz='UTC')}, {'commission': None, 'amount': 50, 'sid': Equity(6, symbol=u'XLP', asset_name='', exchange=u'YAHOO', start_date=Timestamp('1999-02-01 00:00:00+0000', tz='UTC'), end_date=Timestamp('2017-05-25 00:00:00+0000', tz='UTC'), first_traded=None, auto_close_date=Timestamp('2017-05-26 00:00:00+0000', tz='UTC'), exchange_full=u'YAHOO'), 'order_id': 'a6b80e6be5ca4c1eb4726b79a95ad0b0', 'price': 50.1800736179041, 'dt': Timestamp('2015-11-02 21:00:00+0000', tz='UTC')}]"
2015-12 21:00:00+00:00,NEG_XLF,"[{'commission': None, 'amount': -50, 'sid': Equity(2, symbol=u'XLF', asset_name='', exchange=u'YAHOO', start_date=Timestamp('1999-02-01 00:00:00+0000', tz='UTC'), end_date=Timestamp('2017-05-25 00:00:00+0000', tz='UTC'), first_traded=None, auto_close_date=Timestamp('2017-05-26 00:00:00+0000', tz='UTC'), exchange_full=u'YAHOO'), 'order_id': '66640d207ea74b61be29e27ac145a6f5', 'price': 23.36899933010415, 'dt': Timestamp('2016-01-04 21:00:00+0000', tz='UTC')}]"
2016-01 21:00:00+00:00,"NEG_XLK, NEG_XLY","[{'commission': None, 'amount': -50, 'sid': Equity(1, symbol=u'XLK', asset_name='', exchange=u'YAHOO', start_date=Timestamp('1999-02-01 00:00:00+0000', tz='UTC'), end_date=Timestamp('2017-05-25 00:00:00+0000', tz='UTC'), first_traded=None, auto_close_date=Timestamp('2017-05-26 00:00:00+0000', tz='UTC'), exchange_full=u'YAHOO'), 'order_id': 'c4f2ac63f28045f4a7e3c6fa5e746e96', 'price': 41.388952741754444, 'dt': Timestamp('2016-02-01 21:00:00+0000', tz='UTC')}, {'commission': None, 'amount': -50, 'sid': Equity(5, symbol=u'XLY', asset_name='', exchange=u'YAHOO', start_date=Timestamp('1999-02-01 00:00:00+0000', tz='UTC'), end_date=Timestamp('2017-05-25 00:00:00+0000', tz='UTC'), first_traded=None, auto_close_date=Timestamp('2017-05-26 00:00:00+0000', tz='UTC'), exchange_full=u'YAHOO'), 'order_id': 'df829da9b5f444cdb7fd6c4c2c49698c', 'price': 74.55872936213792, 'dt': Timestamp('2016-02-01 21:00:00+0000', tz='UTC')}]"
2016-03 20:00:00+00:00,"XLK, XLB, XLY","[{'commission': None, 'amount': 50, 'sid': Equity(1, symbol=u'XLK', asset_name='', exchange=u'YAHOO', start_date=Timestamp('1999-02-01 00:00:00+0000', tz='UTC'), end_date=Timestamp('2017-05-25 00:00:00+0000', tz='UTC'), first_traded=None, auto_close_date=Timestamp('2017-05-26 00:00:00+0000', tz='UTC'), exchange_full=u'YAHOO'), 'order_id': '32d093ab531f40d6893e0ba98c32a46c', 'price': 44.70011990379885, 'dt': Timestamp('2016-04-01 20:00:00+0000', tz='UTC')}, {'commission': None, 'amount': 50, 'sid': Equity(4, symbol=u'XLB', asset_name='', exchange=u'YAHOO', start_date=Timestamp('1999-02-01 00:00:00+0000', tz='UTC'), end_date=Timestamp('2017-05-25 00:00:00+0000', tz='UTC'), first_traded=None, auto_close_date=Timestamp('2017-05-26 00:00:00+0000', tz='UTC'), exchange_full=u'YAHOO'), 'order_id': '29e1e5dbb42f467a878c70535d3b5d77', 'price': 45.240153276747876, 'dt': Timestamp('2016-04-01 20:00:00+0000', tz='UTC')}, {'commission': None, 'amount': 50, 'sid': Equity(5, symbol=u'XLY', asset_name='', exchange=u'YAHOO', start_date=Timestamp('1999-02-01 00:00:00+0000', tz='UTC'), end_date=Timestamp('2017-05-25 00:00:00+0000', tz='UTC'), first_traded=None, auto_close_date=Timestamp('2017-05-26 00:00:00+0000', tz='UTC'), exchange_full=u'YAHOO'), 'order_id': '529cc75447f14670bc0f8c4d112c32b4', 'price': 79.430299618801, 'dt': Timestamp('2016-04-01 20:00:00+0000', tz='UTC')}]"
2016-04 20:00:00+00:00,"NEG_XLK, XLF, XLE","[{'commission': None, 'amount': -50, 'sid': Equity(1, symbol=u'XLK', asset_name='', exchange=u'YAHOO', start_date=Timestamp('1999-02-01 00:00:00+0000', tz='UTC'), end_date=Timestamp('2017-05-25 00:00:00+0000', tz='UTC'), first_traded=None, auto_close_date=Timestamp('2017-05-26 00:00:00+0000', tz='UTC'), exchange_full=u'YAHOO'), 'order_id': '540ebdb4f1d24e0ba1f8d15d17c24a96', 'price': 42.438932659042145, 'dt': Timestamp('2016-05-02 20:00:00+0000', tz='UTC')}, {'commission': None, 'amount': 50, 'sid': Equity(2, symbol=u'XLF', asset_name='', exchange=u'YAHOO', start_date=Timestamp('1999-02-01 00:00:00+0000', tz='UTC'), end_date=Timestamp('2017-05-25 00:00:00+0000', tz='UTC'), first_traded=None, auto_close_date=Timestamp('2017-05-26 00:00:00+0000', tz='UTC'), exchange_full=u'YAHOO'), 'order_id': 'ecd7468d9cce45aa866438fe315cd71c', 'price': 23.519003098156574, 'dt': Timestamp('2016-05-02 20:00:00+0000', tz='UTC')}, {'commission': None, 'amount': 50, 'sid': Equity(3, symbol=u'XLE', asset_name='', exchange=u'YAHOO', start_date=Timestamp('1999-02-01 00:00:00+0000', tz='UTC'), end_date=Timestamp('2017-05-25 00:00:00+0000', tz='UTC'), first_traded=None, auto_close_date=Timestamp('2017-05-26 00:00:00+0000', tz='UTC'), exchange_full=u'YAHOO'), 'order_id': '77b91a69551f427ab9f8ee54db885149', 'price': 67.43007426723277, 'dt': Timestamp('2016-05-02 20:00:00+0000', tz='UTC')}]"
2016-05 20:00:00+00:00,XLK,"[{'commission': None, 'amount': 50, 'sid': Equity(1, symbol=u'XLK', asset_name='', exchange=u'YAHOO', start_date=Timestamp('1999-02-01 00:00:00+0000', tz='UTC'), end_date=Timestamp('2017-05-25 00:00:00+0000', tz='UTC'), first_traded=None, auto_close_date=Timestamp('2017-05-26 00:00:00+0000', tz='UTC'), exchange_full=u'YAHOO'), 'order_id': '3d77c889b46a41aabcea339a9d4aae1c', 'price': 44.08023247363444, 'dt': Timestamp('2016-06-01 20:00:00+0000', tz='UTC')}]"
2016-06 20:00:00+00:00,NEG_XLF,"[{'commission': None, 'amount': -50, 'sid': Equity(2, symbol=u'XLF', asset_name='', exchange=u'YAHOO', start_date=Timestamp('1999-02-01 00:00:00+0000', tz='UTC'), end_date=Timestamp('2017-05-25 00:00:00+0000', tz='UTC'), first_traded=None, auto_close_date=Timestamp('2017-05-26 00:00:00+0000', tz='UTC'), exchange_full=u'YAHOO'), 'order_id': '634a927f8ffa41088b2f6175bba2a9dd', 'price': 22.738997204531596, 'dt': Timestamp('2016-07-01 20:00:00+0000', tz='UTC')}]"
2016-07 20:00:00+00:00,XLF,"[{'commission': None, 'amount': 50, 'sid': Equity(2, symbol=u'XLF', asset_name='', exchange=u'YAHOO', start_date=Timestamp('1999-02-01 00:00:00+0000', tz='UTC'), end_date=Timestamp('2017-05-25 00:00:00+0000', tz='UTC'), first_traded=None, auto_close_date=Timestamp('2017-05-26 00:00:00+0000', tz='UTC'), exchange_full=u'YAHOO'), 'order_id': '58401339fd0d4a04bf6c1a30f522a1a5', 'price': 23.59000379731933, 'dt': Timestamp('2016-08-01 20:00:00+0000', tz='UTC')}]"
2016-09 20:00:00+00:00,NEG_XLF,"[{'commission': None, 'amount': -50, 'sid': Equity(2, symbol=u'XLF', asset_name='', exchange=u'YAHOO', start_date=Timestamp('1999-02-01 00:00:00+0000', tz='UTC'), end_date=Timestamp('2017-05-25 00:00:00+0000', tz='UTC'), first_traded=None, auto_close_date=Timestamp('2017-05-26 00:00:00+0000', tz='UTC'), exchange_full=u'YAHOO'), 'order_id': '7ebfbfdc117f41a281093faf3175c7f0', 'price': 19.208995635305794, 'dt': Timestamp('2016-10-03 20:00:00+0000', tz='UTC')}]"
2016-10 20:00:00+00:00,"NEG_XLY, NEG_XLP","[{'commission': None, 'amount': -50, 'sid': Equity(5, symbol=u'XLY', asset_name='', exchange=u'YAHOO', start_date=Timestamp('1999-02-01 00:00:00+0000', tz='UTC'), end_date=Timestamp('2017-05-25 00:00:00+0000', tz='UTC'), first_traded=None, auto_close_date=Timestamp('2017-05-26 00:00:00+0000', tz='UTC'), exchange_full=u'YAHOO'), 'order_id': 'b94975972b37409c84ee73a80cddfe2c', 'price': 77.54986412188836, 'dt': Timestamp('2016-11-01 20:00:00+0000', tz='UTC')}, {'commission': None, 'amount': -50, 'sid': Equity(6, symbol=u'XLP', asset_name='', exchange=u'YAHOO', start_date=Timestamp('1999-02-01 00:00:00+0000', tz='UTC'), end_date=Timestamp('2017-05-25 00:00:00+0000', tz='UTC'), first_traded=None, auto_close_date=Timestamp('2017-05-26 00:00:00+0000', tz='UTC'), exchange_full=u'YAHOO'), 'order_id': '1f89235f966842d8be70828148664911', 'price': 52.56989783580913, 'dt': Timestamp('2016-11-01 20:00:00+0000', tz='UTC')}]"
2016-11 21:00:00+00:00,"XLF, XLY","[{'commission': None, 'amount': 50, 'sid': Equity(2, symbol=u'XLF', asset_name='', exchange=u'YAHOO', start_date=Timestamp('1999-02-01 00:00:00+0000', tz='UTC'), end_date=Timestamp('2017-05-25 00:00:00+0000', tz='UTC'), first_traded=None, auto_close_date=Timestamp('2017-05-26 00:00:00+0000', tz='UTC'), exchange_full=u'YAHOO'), 'order_id': '3dcdcca7b1994328bf36d5d45b8d3591', 'price': 22.900000396986986, 'dt': Timestamp('2016-12-01 21:00:00+0000', tz='UTC')}, {'commission': None, 'amount': 50, 'sid': Equity(5, symbol=u'XLY', asset_name='', exchange=u'YAHOO', start_date=Timestamp('1999-02-01 00:00:00+0000', tz='UTC'), end_date=Timestamp('2017-05-25 00:00:00+0000', tz='UTC'), first_traded=None, auto_close_date=Timestamp('2017-05-26 00:00:00+0000', tz='UTC'), exchange_full=u'YAHOO'), 'order_id': 'a7bfb6b7a2ce4cb8b23347c8f4901b43', 'price': 81.88923337657906, 'dt': Timestamp('2016-12-01 21:00:00+0000', tz='UTC')}]"
2017-02 21:00:00+00:00,XLP,"[{'commission': None, 'amount': 50, 'sid': Equity(6, symbol=u'XLP', asset_name='', exchange=u'YAHOO', start_date=Timestamp('1999-02-01 00:00:00+0000', tz='UTC'), end_date=Timestamp('2017-05-25 00:00:00+0000', tz='UTC'), first_traded=None, auto_close_date=Timestamp('2017-05-26 00:00:00+0000', tz='UTC'), exchange_full=u'YAHOO'), 'order_id': '972eab8cea6d4c5bb92c1b7c35dbb945', 'price': 55.36004953034638, 'dt': Timestamp('2017-03-01 21:00:00+0000', tz='UTC')}]"
2017-03 20:00:00+00:00,NEG_XLE,"[{'commission': None, 'amount': -50, 'sid': Equity(3, symbol=u'XLE', asset_name='', exchange=u'YAHOO', start_date=Timestamp('1999-02-01 00:00:00+0000', tz='UTC'), end_date=Timestamp('2017-05-25 00:00:00+0000', tz='UTC'), first_traded=None, auto_close_date=Timestamp('2017-05-26 00:00:00+0000', tz='UTC'), exchange_full=u'YAHOO'), 'order_id': '01c88caec10a4893ac3d257970933931', 'price': 69.77889885676004, 'dt': Timestamp('2017-04-03 20:00:00+0000', tz='UTC')}]"
